{
    "server_name": "bizznet",
    "server_id": 1304092283804717088,
    "roles": [
        {
            "name": "@everyone",
            "permissions": 2248473465835073,
            "colour": 0,
            "hoist": false,
            "mentionable": false,
            "position": 0
        },
        {
            "name": "afk",
            "permissions": 0,
            "colour": 0,
            "hoist": false,
            "mentionable": false,
            "position": 1
        },
        {
            "name": "Client",
            "permissions": 642527178186305,
            "colour": 1146986,
            "hoist": true,
            "mentionable": true,
            "position": 1
        },
        {
            "name": "nothing1.0",
            "permissions": 8,
            "colour": 0,
            "hoist": false,
            "mentionable": false,
            "position": 2
        },
        {
            "name": "Dyno",
            "permissions": 2253313776381119,
            "colour": 0,
            "hoist": false,
            "mentionable": false,
            "position": 3
        },
        {
            "name": "Editors",
            "permissions": 67406912,
            "colour": 3447003,
            "hoist": true,
            "mentionable": false,
            "position": 4
        },
        {
            "name": "Partners",
            "permissions": 2108859006574583,
            "colour": 3066993,
            "hoist": true,
            "mentionable": true,
            "position": 5
        },
        {
            "name": "Myuu",
            "permissions": 2147798080,
            "colour": 0,
            "hoist": false,
            "mentionable": false,
            "position": 6
        },
        {
            "name": "Admin",
            "permissions": 8,
            "colour": 15844367,
            "hoist": true,
            "mentionable": false,
            "position": 7
        },
        {
            "name": "Owner",
            "permissions": 4360658820268031,
            "colour": 15277667,
            "hoist": true,
            "mentionable": false,
            "position": 8
        },
        {
            "name": "Muted-by-bot",
            "permissions": 0,
            "colour": 0,
            "hoist": false,
            "mentionable": false,
            "position": 9
        },
        {
            "name": "ADMIN",
            "permissions": 274877910025,
            "colour": 0,
            "hoist": false,
            "mentionable": false,
            "position": 10
        },
        {
            "name": "nigger",
            "permissions": 0,
            "colour": 394758,
            "hoist": true,
            "mentionable": true,
            "position": 11
        },
        {
            "name": "Dank Memer",
            "permissions": 2251905040772160,
            "colour": 0,
            "hoist": false,
            "mentionable": false,
            "position": 12
        },
        {
            "name": "OwO",
            "permissions": 1074120776,
            "colour": 0,
            "hoist": false,
            "mentionable": false,
            "position": 13
        }
    ],
    "categories": [
        {
            "name": "Text channels",
            "position": 0
        },
        {
            "name": "contracts",
            "position": 1
        },
        {
            "name": "video editing biz",
            "position": 2
        },
        {
            "name": "fun and games",
            "position": 3
        },
        {
            "name": "Voice channels",
            "position": 4
        }
    ],
    "text_channels": [
        {
            "name": "rules",
            "topic": null,
            "nsfw": false,
            "position": 0,
            "category": null
        },
        {
            "name": "general",
            "topic": null,
            "nsfw": false,
            "position": 1,
            "category": "Text channels"
        },
        {
            "name": "top-secret-chat",
            "topic": null,
            "nsfw": false,
            "position": 2,
            "category": "Text channels"
        },
        {
            "name": "spam",
            "topic": null,
            "nsfw": false,
            "position": 3,
            "category": "Text channels"
        },
        {
            "name": "masterplan",
            "topic": null,
            "nsfw": false,
            "position": 4,
            "category": "Text channels"
        },
        {
            "name": "test",
            "topic": null,
            "nsfw": false,
            "position": 5,
            "category": "Text channels"
        },
        {
            "name": "lead-finder",
            "topic": null,
            "nsfw": false,
            "position": 6,
            "category": "Text channels"
        },
        {
            "name": "scam-ps-links",
            "topic": null,
            "nsfw": false,
            "position": 7,
            "category": "Text channels"
        },
        {
            "name": "contract-1100-videos",
            "topic": null,
            "nsfw": false,
            "position": 8,
            "category": "contracts"
        },
        {
            "name": "complete-videos",
            "topic": null,
            "nsfw": false,
            "position": 9,
            "category": "contracts"
        },
        {
            "name": "leads-and-mails",
            "topic": null,
            "nsfw": false,
            "position": 10,
            "category": "video editing biz"
        },
        {
            "name": "resorce",
            "topic": null,
            "nsfw": false,
            "position": 11,
            "category": "video editing biz"
        },
        {
            "name": "owo",
            "topic": null,
            "nsfw": false,
            "position": 12,
            "category": "fun and games"
        },
        {
            "name": "weird-confessions",
            "topic": null,
            "nsfw": false,
            "position": 13,
            "category": "fun and games"
        },
        {
            "name": "test-anything-temp",
            "topic": null,
            "nsfw": false,
            "position": 14,
            "category": "fun and games"
        },
        {
            "name": "methods",
            "topic": null,
            "nsfw": false,
            "position": 15,
            "category": "fun and games"
        },
        {
            "name": "fuck-aggrim-here",
            "topic": null,
            "nsfw": false,
            "position": 16,
            "category": "Text channels"
        }
    ],
    "voice_channels": [
        {
            "name": "General",
            "bitrate": 64000,
            "user_limit": 0,
            "position": 0,
            "category": "Voice channels"
        },
        {
            "name": "general",
            "bitrate": 64000,
            "user_limit": 0,
            "position": 1,
            "category": "Voice channels"
        }
    ]
}